sequence_name,last_value,is_called
AssetAssignment_Id_seq,1,f
AssetCategory_Id_seq,1,f
Asset_Id_seq,1,f
AssetImage_Id_seq,1,f
AssetRequest_Id_seq,1,f
AssetStatus_Id_seq,1,f
AssetType_Id_seq,1,f
AssignmentStatus_Id_seq,1,f
AttendanceDeviceType_Id_seq,4,t
Attendance_Id_seq,1,f
AttendancePolicy_Id_seq,1,f
AttendancePolicyVersionConfiguration_Id_seq,6,t
AttendanceRequest_Id_seq,1,f
BillingAuditLog_Id_seq,1,f
BillingInvoice_Id_seq,1,f
BillingInvoiceLine_Id_seq,1,f
BillingSubscriptionChange_Id_seq,1,f
BillingTaxRule_Id_seq,1,t
Category_Id_seq,1,f
City_Id_seq,231016,t
Client_Id_seq,10,t
ClientType_Id_seq,12,t
ComplianceRule_Id_seq,1,f
ComplianceTypeMaster_Id_seq,1018,t
CountryIdentityRule_Id_seq,260,t
Country_Id_seq,253,t
CountryStatutoryRule_Id_seq,1,f
DataViewStructure_Id_seq,2,t
DayCombination_Id_seq,1,f
DefaultEmailConfig_Id_seq,2,t
Department_Id_seq,24,t
Designation_Id_seq,13,t
DeviceCommand_Id_seq,1,f
DeviceCommandResponse_Id_seq,1,f
DeviceCredential_Id_seq,1,f
DeviceInitialProvisioning_Id_seq,1,f
DeviceMaster_Id_seq,3,t
DeviceMessageLog_Id_seq,1,f
District_Id_seq,12458,t
EmailQueue_Id_seq,1,f
EmailTemplate_Id_seq,5,t
EmployeeAttendancePunch_Id_seq,1,f
EmployeeBankDetail_Id_seq,1,t
EmployeeCategorySkill_Id_seq,1,f
EmployeeCodePattern_Id_seq,6,t
EmployeeContact_Id_seq,7,t
EmployeeDailyAttendance_Id_seq,1,f
EmployeeDependent_Id_seq,1,f
EmployeeDeviceEnrollment_Id_seq,1,f
EmployeeEducation_Id_seq,1,f
EmployeeExperienceDocument_Id_seq,1,f
EmployeeExperience_Id_seq,1,t
EmployeeIdentity_Id_seq,1,f
Employee_Id_seq,18,t
EmployeeImage_Id_seq,18,t
EmployeeLeaveBalance_Id_seq,1,f
EmployeeLeavePolicyMapping_Id_seq,1,f
EmployeeLocationAssignment_Id_seq,11,t
EmployeeManagerMapping_Id_seq,1,f
EmployeePersonalDetail_Id_seq,1,f
EmployeePolicyDependentMapping_Id_seq,1,f
EmployeePolicyEnrollment_Id_seq,1,f
EmployeeSalary_Id_seq,1,f
EmployeesChangedTypeHistory_Id_seq,1,f
EmployeeStatutoryAccount_Id_seq,1,f
EmployeeTaxProfile_Id_seq,1,f
EmployeeTypeBasicMenu_Id_seq,1,f
EmployeeType_Id_seq,15,t
EmployeeWorkArrangement_Id_seq,6,t
EmployeeWorkDocument_Id_seq,1,f
EmployeeWorkHistory_Id_seq,1,f
EmployeeWorkModeOverrideRequest_Id_seq,4,t
EmployeeWorkPattern_Id_seq,17,t
EmployeeWorkProfile_Id_seq,1,f
ForgotPasswordOTPDetail_Id_seq,1,f
Gender_Id_seq,3,t
Holiday_Id_seq,58,t
HostBillingConfiguration_Id_seq,1,t
HostRole_Id_seq,1,t
HostRoleModuleAndPermission_Id_seq,112,t
HostUser_Id_seq,2,t
IdentityCategoryDocument_Id_seq,16,t
IdentityCategory_Id_seq,5,t
LeaveRequest_Id_seq,1,f
LeaveType_Id_seq,1,f
License_Id_seq,1,t
LocalityType_Id_seq,4,t
LoginCredential_Id_seq,18,t
Module_Id_seq,127,t
ModuleOperationMapping_Id_seq,564,t
Operation_Id_seq,34,t
PaymentAttempt_Id_seq,1,f
PaymentGateway_Id_seq,1,t
PaymentTransaction_Id_seq,1,f
PaymentWebhookEvent_Id_seq,1,f
PayrollEmployeeDetail_Id_seq,1,f
PayrollEmployee_Id_seq,1,f
PayrollRun_Id_seq,1,f
PlanModuleMapping_Id_seq,520,t
PolicyAcknowledgement_Id_seq,3,t
PolicyApplicability_Id_seq,13,t
PolicyApprovalHistory_Id_seq,2,t
PolicyApprovalStage_Id_seq,2,t
PolicyAssignment_Id_seq,3,t
PolicyCategory_Id_seq,12,t
PolicyChangeAudit_Id_seq,52,t
PolicyDocument_Id_seq,1,f
PolicyException_Id_seq,1,t
Policy_Id_seq,13,t
PolicyRule_Id_seq,23,t
PolicyRuleType_Id_seq,13,t
PolicyType_Id_seq,13,t
PolicyVersion_Id_seq,16,t
RefreshToken_Id_seq,773,t
ReportingType_Id_seq,1,f
RequestType_Id_seq,1,f
Role_Id_seq,75,t
RoleModuleAndPermission_Id_seq,3018,t
SalaryComponentMaster_Id_seq,1,f
SalaryStructureDetail_Id_seq,1,f
SalaryStructure_Id_seq,1,f
State_Id_seq,295,t
StatutoryType_Id_seq,22,t
SubscriptionPlan_Id_seq,20,t
SubscriptionPlanPrice_Id_seq,1,f
TaxRegimeMaster_Id_seq,1,f
TaxRule_Id_seq,1,f
TaxSlab_Id_seq,1,f
TaxSystemMaster_Id_seq,1,f
TenantBillingProfile_Id_seq,1,f
TenantBillingSubscription_Id_seq,1,f
TenantCardMaster_Id_seq,2,t
TenantDeviceConfiguration_Id_seq,1,f
TenantDevice_Id_seq,3,t
TenantEmailConfig_Id_seq,1,t
TenantEmailTemplate_Id_seq,10,t
TenantEnabledModule_Id_seq,560,t
TenantEnabledOperation_Id_seq,2208,t
TenantEncryptionKeys_Id_seq,16,t
Tenant_Id_seq,10,t
TenantIndustry_Id_seq,13,t
TenantLocation_Id_seq,10,t
TenantProfile_Id_seq,6,t
TenantSubscription_Id_seq,10,t
Tender_Id_seq,1,f
TenderStatus_Id_seq,5,t
Thread_Id_seq,1,f
ThreadMessage_Id_seq,1,f
TicketAttachment_Id_seq,1,f
TicketClassification_Id_seq,1,f
TicketHeader_Id_seq,1,f
TicketHistory_Id_seq,1,f
Ticket_Id_seq,1,f
TicketType_Id_seq,1,f
UserAttendanceSetting_Id_seq,1,f
UserRole_Id_seq,20,t
WorkDocumentType_Id_seq,1,f
