Table,Column,Default
AssetAssignment,Id,"nextval('axionpro.""AssetAssignment_Id_seq""'::regclass)"
AssetRequest,Id,"nextval('axionpro.""AssetRequest_Id_seq""'::regclass)"
ComplianceTypeMaster,Id,"nextval('axionpro.""ComplianceTypeMaster_Id_seq""'::regclass)"
HostRole,Id,"nextval('axionpro.""HostRole_Id_seq""'::regclass)"
HostRoleModuleAndPermission,Id,"nextval('axionpro.""HostRoleModuleAndPermission_Id_seq""'::regclass)"
HostUser,Id,"nextval('axionpro.""HostUser_Id_seq""'::regclass)"
TenantCardMaster,Id,"nextval('axionpro.""TenantCardMaster_Id_seq""'::regclass)"
TenantDeviceConfiguration,Id,"nextval('axionpro.""TenantDeviceConfiguration_Id_seq""'::regclass)"
ThreadMessage,Id,"nextval('axionpro.""ThreadMessage_Id_seq""'::regclass)"
Ticket,Id,"nextval('axionpro.""Ticket_Id_seq""'::regclass)"
TicketAttachment,Id,"nextval('axionpro.""TicketAttachment_Id_seq""'::regclass)"
TicketHistory,Id,"nextval('axionpro.""TicketHistory_Id_seq""'::regclass)"
TicketThread,Id,"nextval('axionpro.""Thread_Id_seq""'::regclass)"
