table_name,row_count
Asset,0
AssetAssignment,0
AssetCategory,0
AssetImage,0
AssetRequest,0
AssetStatus,0
AssetType,0
AssignmentStatus,0
Attendance,0
AttendanceDeviceType,4
AttendancePolicy,0
AttendancePolicyVersionConfiguration,0
AttendanceRequest,0
BillingAuditLog,0
BillingInvoice,0
BillingInvoiceLine,0
BillingOrder,0
BillingRefund,0
BillingSubscriptionChange,0
BillingTaxRule,0
BulkImportJob,0
Category,0
Client,0
ClientType,12
ComplianceRule,0
ComplianceTypeMaster,33
Country,4
CountryIdentityRule,4
CountryStatutoryRule,0
DataViewStructure,2
DayCombination,0
DefaultEmailConfig,0
Department,0
Designation,0
DeviceCommand,0
DeviceCommandResponse,0
DeviceCredential,0
DeviceInitialProvisioning,0
DeviceMaster,0
DeviceMessageLog,0
District,4707
EmailQueue,0
EmailTemplate,5
Employee,0
EmployeeAttendancePunch,0
EmployeeBankDetail,0
EmployeeCategorySkill,0
EmployeeCodePattern,0
EmployeeContact,0
EmployeeDailyAttendance,0
EmployeeDependent,0
EmployeeDeviceEnrollment,0
EmployeeEducation,0
EmployeeExperience,0
EmployeeExperienceDocument,0
EmployeeIdentity,0
EmployeeImage,0
EmployeeLeaveBalance,0
EmployeeLeavePolicyMapping,0
EmployeeLocationAssignment,0
EmployeeManagerMapping,0
EmployeePersonalDetail,0
EmployeePolicyDependentMapping,0
EmployeePolicyEnrollment,0
EmployeeSalary,0
EmployeesChangedTypeHistory,0
EmployeeStatutoryAccount,0
EmployeeTaxProfile,0
EmployeeType,0
EmployeeTypeBasicMenu,0
EmployeeWorkArrangement,0
EmployeeWorkDocument,0
EmployeeWorkHistory,0
EmployeeWorkModeOverrideRequest,0
EmployeeWorkPattern,0
EmployeeWorkProfile,0
ForgotPasswordOTPDetail,0
Gender,3
Holiday,0
HostBillingConfiguration,0
HostRole,1
HostRoleModuleAndPermission,73
HostUser,2
IdentityCategory,4
IdentityCategoryDocument,10
LeaveRequest,0
LeaveType,0
License,0
Locality,222683
LocalityType,4
LoginCredential,0
Module,85
ModuleOperationMapping,173
Operation,12
PageTypeEnum,5
PaymentAttempt,0
PaymentGateway,0
PaymentTransaction,0
PaymentWebhookEvent,0
PayrollEmployee,0
PayrollEmployeeDetail,0
PayrollRun,0
PlanModuleMapping,0
Policy,0
PolicyAcknowledgement,0
PolicyApplicability,0
PolicyApprovalHistory,0
PolicyApprovalStage,0
PolicyAssignment,0
PolicyCategory,12
PolicyChangeAudit,0
PolicyDocument,0
PolicyDocumentType,5
PolicyException,0
PolicyRule,0
PolicyRuleType,13
PolicyStatus,7
PolicyType,0
PolicyVersion,0
RefreshToken,0
ReportingType,0
RequestType,0
Role,0
RoleModuleAndPermission,0
SalaryComponentMaster,0
SalaryStructure,0
SalaryStructureDetail,0
State,143
StatutoryType,0
SubscriptionPlan,0
SubscriptionPlanPrice,0
TaxRegimeMaster,0
TaxRule,0
TaxSlab,0
TaxSystemMaster,0
Tenant,0
TenantBillingProfile,0
TenantBillingSubscription,0
TenantCardMaster,0
TenantDevice,0
TenantDeviceConfiguration,0
TenantEmailConfig,0
TenantEmailTemplate,0
TenantEmployeeSectionDefault,0
TenantEnabledModule,0
TenantEnabledOperation,0
TenantEncryptionKeys,0
TenantIndustry,5
TenantLocation,0
TenantProfile,0
TenantSubscription,0
Tender,0
TenderStatus,5
ThreadMessage,0
Ticket,0
TicketAttachment,0
TicketClassification,0
TicketHeader,0
TicketHistory,0
TicketThread,0
TicketType,0
UserAttendanceSetting,0
UserRole,0
WorkDocumentType,0
