"Table","PostSeedRows","Status","ResponsibleScript","Reason"
"Asset","0","INTENTIONALLY_EMPTY_OPERATIONAL_DATA","Runtime/application flow","Transaction/dependent table starts empty"
"AssetAssignment","0","INTENTIONALLY_EMPTY_OPERATIONAL_DATA","Runtime/application flow","Transaction/dependent table starts empty"
"AssetCategory","0","UNSEEDED_MASTER_NO_SOURCE","Not yet assigned","Master-like table is empty and backup had no authoritative rows"
"AssetImage","0","INTENTIONALLY_EMPTY_OPERATIONAL_DATA","Runtime/application flow","Transaction/dependent table starts empty"
"AssetRequest","0","INTENTIONALLY_EMPTY_OPERATIONAL_DATA","Runtime/application flow","Transaction/dependent table starts empty"
"AssetStatus","0","UNSEEDED_MASTER_NO_SOURCE","Not yet assigned","Master-like table is empty and backup had no authoritative rows"
"AssetType","0","UNSEEDED_MASTER_NO_SOURCE","Not yet assigned","Master-like table is empty and backup had no authoritative rows"
"AssignmentStatus","0","UNSEEDED_MASTER_NO_SOURCE","Not yet assigned","Master-like table is empty and backup had no authoritative rows"
"Attendance","0","INTENTIONALLY_EMPTY_OPERATIONAL_DATA","Runtime/application flow","Transaction/dependent table starts empty"
"AttendanceDeviceType","4","SEEDED","02-parent-master/001-shared-master-data.sql","Canonical baseline present"
"AttendancePolicy","0","INTENTIONALLY_EMPTY_OPERATIONAL_DATA","Runtime/application flow","Transaction/dependent table starts empty"
"AttendancePolicyVersionConfiguration","0","INTENTIONALLY_EMPTY_BUSINESS_DATA","Tenant/application flow","Removed by approved clean baseline"
"AttendanceRequest","0","INTENTIONALLY_EMPTY_OPERATIONAL_DATA","Runtime/application flow","Transaction/dependent table starts empty"
"BillingAuditLog","0","INTENTIONALLY_EMPTY_OPERATIONAL_DATA","Runtime/application flow","Transaction/dependent table starts empty"
"BillingInvoice","0","INTENTIONALLY_EMPTY_OPERATIONAL_DATA","Runtime/application flow","Transaction/dependent table starts empty"
"BillingInvoiceLine","0","INTENTIONALLY_EMPTY_OPERATIONAL_DATA","Runtime/application flow","Transaction/dependent table starts empty"
"BillingOrder","0","INTENTIONALLY_EMPTY_OPERATIONAL_DATA","Runtime/application flow","Transaction/dependent table starts empty"
"BillingRefund","0","INTENTIONALLY_EMPTY_OPERATIONAL_DATA","Runtime/application flow","Transaction/dependent table starts empty"
"BillingSubscriptionChange","0","INTENTIONALLY_EMPTY_OPERATIONAL_DATA","Runtime/application flow","Transaction/dependent table starts empty"
"BillingTaxRule","0","PENDING_PLATFORM_DECISION","Not yet assigned","Pre-reset platform/config rows existed; do not copy blindly"
"BulkImportJob","0","INTENTIONALLY_EMPTY_BUSINESS_DATA","Tenant/application flow","Removed by approved clean baseline"
"Category","0","UNSEEDED_MASTER_NO_SOURCE","Not yet assigned","Master-like table is empty and backup had no authoritative rows"
"Client","0","INTENTIONALLY_EMPTY_BUSINESS_DATA","Tenant/application flow","Removed by approved clean baseline"
"ClientType","12","SEEDED","02-parent-master/001-shared-master-data.sql","Canonical baseline present"
"ComplianceRule","0","UNSEEDED_MASTER_NO_SOURCE","Not yet assigned","Master-like table is empty and backup had no authoritative rows"
"ComplianceTypeMaster","33","SEEDED","02-parent-master/001-shared-master-data.sql","Canonical baseline present"
"Country","4","SEEDED","03-geography/001-four-country-postal-catalog.sql","Canonical baseline present"
"CountryIdentityRule","4","SEEDED","05-dependent-master/001-employee-identity-catalog.sql","Canonical baseline present"
"CountryStatutoryRule","0","UNSEEDED_MASTER_NO_SOURCE","Not yet assigned","Master-like table is empty and backup had no authoritative rows"
"DataViewStructure","2","SEEDED","02-parent-master/001-shared-master-data.sql","Canonical baseline present"
"DayCombination","0","UNSEEDED_MASTER_NO_SOURCE","Not yet assigned","Master-like table is empty and backup had no authoritative rows"
"DefaultEmailConfig","0","PENDING_PLATFORM_DECISION","Not yet assigned","Pre-reset platform/config rows existed; do not copy blindly"
"Department","0","INTENTIONALLY_EMPTY_BUSINESS_DATA","Tenant/application flow","Removed by approved clean baseline"
"Designation","0","INTENTIONALLY_EMPTY_BUSINESS_DATA","Tenant/application flow","Removed by approved clean baseline"
"DeviceCommand","0","INTENTIONALLY_EMPTY_OPERATIONAL_DATA","Runtime/application flow","Transaction/dependent table starts empty"
"DeviceCommandResponse","0","INTENTIONALLY_EMPTY_OPERATIONAL_DATA","Runtime/application flow","Transaction/dependent table starts empty"
"DeviceCredential","0","INTENTIONALLY_EMPTY_OPERATIONAL_DATA","Runtime/application flow","Transaction/dependent table starts empty"
"DeviceInitialProvisioning","0","INTENTIONALLY_EMPTY_OPERATIONAL_DATA","Runtime/application flow","Transaction/dependent table starts empty"
"DeviceMaster","0","PENDING_PLATFORM_DECISION","Not yet assigned","Pre-reset platform/config rows existed; do not copy blindly"
"DeviceMessageLog","0","INTENTIONALLY_EMPTY_OPERATIONAL_DATA","Runtime/application flow","Transaction/dependent table starts empty"
"District","4707","SEEDED","03-geography/001-four-country-postal-catalog.sql","Canonical baseline present"
"EmailQueue","0","INTENTIONALLY_EMPTY_OPERATIONAL_DATA","Runtime/application flow","Transaction/dependent table starts empty"
"EmailTemplate","5","SEEDED","02-parent-master/001-shared-master-data.sql","Canonical baseline present"
"Employee","0","INTENTIONALLY_EMPTY_BUSINESS_DATA","Tenant/application flow","Removed by approved clean baseline"
"EmployeeAttendancePunch","0","INTENTIONALLY_EMPTY_OPERATIONAL_DATA","Runtime/application flow","Transaction/dependent table starts empty"
"EmployeeBankDetail","0","INTENTIONALLY_EMPTY_BUSINESS_DATA","Tenant/application flow","Removed by approved clean baseline"
"EmployeeCategorySkill","0","INTENTIONALLY_EMPTY_OPERATIONAL_DATA","Runtime/application flow","Transaction/dependent table starts empty"
"EmployeeCodePattern","0","INTENTIONALLY_EMPTY_BUSINESS_DATA","Tenant/application flow","Removed by approved clean baseline"
"EmployeeContact","0","INTENTIONALLY_EMPTY_BUSINESS_DATA","Tenant/application flow","Removed by approved clean baseline"
"EmployeeDailyAttendance","0","INTENTIONALLY_EMPTY_OPERATIONAL_DATA","Runtime/application flow","Transaction/dependent table starts empty"
"EmployeeDependent","0","INTENTIONALLY_EMPTY_OPERATIONAL_DATA","Runtime/application flow","Transaction/dependent table starts empty"
"EmployeeDeviceEnrollment","0","INTENTIONALLY_EMPTY_OPERATIONAL_DATA","Runtime/application flow","Transaction/dependent table starts empty"
"EmployeeEducation","0","INTENTIONALLY_EMPTY_OPERATIONAL_DATA","Runtime/application flow","Transaction/dependent table starts empty"
"EmployeeExperience","0","INTENTIONALLY_EMPTY_BUSINESS_DATA","Tenant/application flow","Removed by approved clean baseline"
"EmployeeExperienceDocument","0","INTENTIONALLY_EMPTY_OPERATIONAL_DATA","Runtime/application flow","Transaction/dependent table starts empty"
"EmployeeIdentity","0","INTENTIONALLY_EMPTY_OPERATIONAL_DATA","Runtime/application flow","Transaction/dependent table starts empty"
"EmployeeImage","0","INTENTIONALLY_EMPTY_BUSINESS_DATA","Tenant/application flow","Removed by approved clean baseline"
"EmployeeLeaveBalance","0","INTENTIONALLY_EMPTY_OPERATIONAL_DATA","Runtime/application flow","Transaction/dependent table starts empty"
"EmployeeLeavePolicyMapping","0","INTENTIONALLY_EMPTY_OPERATIONAL_DATA","Runtime/application flow","Transaction/dependent table starts empty"
"EmployeeLocationAssignment","0","INTENTIONALLY_EMPTY_BUSINESS_DATA","Tenant/application flow","Removed by approved clean baseline"
"EmployeeManagerMapping","0","INTENTIONALLY_EMPTY_OPERATIONAL_DATA","Runtime/application flow","Transaction/dependent table starts empty"
"EmployeePersonalDetail","0","INTENTIONALLY_EMPTY_OPERATIONAL_DATA","Runtime/application flow","Transaction/dependent table starts empty"
"EmployeePolicyDependentMapping","0","INTENTIONALLY_EMPTY_OPERATIONAL_DATA","Runtime/application flow","Transaction/dependent table starts empty"
"EmployeePolicyEnrollment","0","INTENTIONALLY_EMPTY_OPERATIONAL_DATA","Runtime/application flow","Transaction/dependent table starts empty"
"EmployeeSalary","0","INTENTIONALLY_EMPTY_OPERATIONAL_DATA","Runtime/application flow","Transaction/dependent table starts empty"
"EmployeesChangedTypeHistory","0","INTENTIONALLY_EMPTY_OPERATIONAL_DATA","Runtime/application flow","Transaction/dependent table starts empty"
"EmployeeStatutoryAccount","0","INTENTIONALLY_EMPTY_OPERATIONAL_DATA","Runtime/application flow","Transaction/dependent table starts empty"
"EmployeeTaxProfile","0","INTENTIONALLY_EMPTY_OPERATIONAL_DATA","Runtime/application flow","Transaction/dependent table starts empty"
"EmployeeType","1","SEEDED_REQUIRED_MASTER","02-parent-master/001-shared-master-data.sql","Global Permanent onboarding template required by tenant registration; tenant-owned types remain runtime data"
"EmployeeTypeBasicMenu","0","INTENTIONALLY_EMPTY_OPERATIONAL_DATA","Runtime/application flow","Transaction/dependent table starts empty"
"EmployeeWorkArrangement","0","INTENTIONALLY_EMPTY_BUSINESS_DATA","Tenant/application flow","Removed by approved clean baseline"
"EmployeeWorkDocument","0","INTENTIONALLY_EMPTY_OPERATIONAL_DATA","Runtime/application flow","Transaction/dependent table starts empty"
"EmployeeWorkHistory","0","INTENTIONALLY_EMPTY_OPERATIONAL_DATA","Runtime/application flow","Transaction/dependent table starts empty"
"EmployeeWorkModeOverrideRequest","0","INTENTIONALLY_EMPTY_BUSINESS_DATA","Tenant/application flow","Removed by approved clean baseline"
"EmployeeWorkPattern","0","INTENTIONALLY_EMPTY_BUSINESS_DATA","Tenant/application flow","Removed by approved clean baseline"
"EmployeeWorkProfile","0","INTENTIONALLY_EMPTY_OPERATIONAL_DATA","Runtime/application flow","Transaction/dependent table starts empty"
"ForgotPasswordOTPDetail","0","INTENTIONALLY_EMPTY_OPERATIONAL_DATA","Runtime/application flow","Transaction/dependent table starts empty"
"Gender","3","SEEDED","02-parent-master/001-shared-master-data.sql","Canonical baseline present"
"Holiday","0","INTENTIONALLY_EMPTY_BUSINESS_DATA","Tenant/application flow","Removed by approved clean baseline"
"HostBillingConfiguration","0","PENDING_PLATFORM_DECISION","Not yet assigned","Pre-reset platform/config rows existed; do not copy blindly"
"HostRole","1","SEEDED","04-access-and-host/001-modules-operations-two-host-admins.sql","Canonical baseline present"
"HostRoleModuleAndPermission","73","SEEDED","04-access-and-host/001-modules-operations-two-host-admins.sql","Canonical baseline present"
"HostUser","2","SEEDED","04-access-and-host/001-modules-operations-two-host-admins.sql","Canonical baseline present"
"IdentityCategory","4","SEEDED","02-parent-master + 05-dependent-master","Canonical baseline present"
"IdentityCategoryDocument","10","SEEDED","02-parent-master + 05-dependent-master","Canonical baseline present"
"LeaveRequest","0","INTENTIONALLY_EMPTY_OPERATIONAL_DATA","Runtime/application flow","Transaction/dependent table starts empty"
"LeaveType","0","UNSEEDED_MASTER_NO_SOURCE","Not yet assigned","Master-like table is empty and backup had no authoritative rows"
"License","0","PENDING_PLATFORM_DECISION","Not yet assigned","Pre-reset platform/config rows existed; do not copy blindly"
"Locality","222683","SEEDED","03-geography/001-four-country-postal-catalog.sql","Canonical baseline present"
"LocalityType","4","SEEDED","02-parent-master/001-shared-master-data.sql","Canonical baseline present"
"LoginCredential","0","INTENTIONALLY_EMPTY_BUSINESS_DATA","Tenant/application flow","Removed by approved clean baseline"
"Module","85","SEEDED","04-access-and-host/001-modules-operations-two-host-admins.sql","Canonical baseline present"
"ModuleOperationMapping","173","SEEDED","04-access-and-host/001-modules-operations-two-host-admins.sql","Canonical baseline present"
"Operation","12","SEEDED","04-access-and-host/001-modules-operations-two-host-admins.sql","Canonical baseline present"
"PageTypeEnum","5","SEEDED","02-parent-master/001-shared-master-data.sql","Canonical baseline present"
"PaymentAttempt","0","INTENTIONALLY_EMPTY_OPERATIONAL_DATA","Runtime/application flow","Transaction/dependent table starts empty"
"PaymentGateway","0","PENDING_PLATFORM_DECISION","Not yet assigned","Pre-reset platform/config rows existed; do not copy blindly"
"PaymentTransaction","0","INTENTIONALLY_EMPTY_OPERATIONAL_DATA","Runtime/application flow","Transaction/dependent table starts empty"
"PaymentWebhookEvent","0","INTENTIONALLY_EMPTY_OPERATIONAL_DATA","Runtime/application flow","Transaction/dependent table starts empty"
"PayrollEmployee","0","INTENTIONALLY_EMPTY_OPERATIONAL_DATA","Runtime/application flow","Transaction/dependent table starts empty"
"PayrollEmployeeDetail","0","INTENTIONALLY_EMPTY_OPERATIONAL_DATA","Runtime/application flow","Transaction/dependent table starts empty"
"PayrollRun","0","INTENTIONALLY_EMPTY_OPERATIONAL_DATA","Runtime/application flow","Transaction/dependent table starts empty"
"PlanModuleMapping","0","PENDING_PLATFORM_DECISION","Not yet assigned","Pre-reset platform/config rows existed; do not copy blindly"
"Policy","0","INTENTIONALLY_EMPTY_BUSINESS_DATA","Tenant/application flow","Removed by approved clean baseline"
"PolicyAcknowledgement","0","INTENTIONALLY_EMPTY_BUSINESS_DATA","Tenant/application flow","Removed by approved clean baseline"
"PolicyApplicability","0","INTENTIONALLY_EMPTY_BUSINESS_DATA","Tenant/application flow","Removed by approved clean baseline"
"PolicyApprovalHistory","0","INTENTIONALLY_EMPTY_BUSINESS_DATA","Tenant/application flow","Removed by approved clean baseline"
"PolicyApprovalStage","0","INTENTIONALLY_EMPTY_BUSINESS_DATA","Tenant/application flow","Removed by approved clean baseline"
"PolicyAssignment","0","INTENTIONALLY_EMPTY_BUSINESS_DATA","Tenant/application flow","Removed by approved clean baseline"
"PolicyCategory","12","SEEDED","02-parent-master/001-shared-master-data.sql","Canonical baseline present"
"PolicyChangeAudit","0","INTENTIONALLY_EMPTY_BUSINESS_DATA","Tenant/application flow","Removed by approved clean baseline"
"PolicyDocument","0","INTENTIONALLY_EMPTY_OPERATIONAL_DATA","Runtime/application flow","Transaction/dependent table starts empty"
"PolicyDocumentType","5","SEEDED","02-parent-master/001-shared-master-data.sql","Canonical baseline present"
"PolicyException","0","INTENTIONALLY_EMPTY_BUSINESS_DATA","Tenant/application flow","Removed by approved clean baseline"
"PolicyRule","0","INTENTIONALLY_EMPTY_BUSINESS_DATA","Tenant/application flow","Removed by approved clean baseline"
"PolicyRuleType","13","SEEDED","02-parent-master/001-shared-master-data.sql","Canonical baseline present"
"PolicyStatus","7","SEEDED","02-parent-master/001-shared-master-data.sql","Canonical baseline present"
"PolicyType","0","INTENTIONALLY_EMPTY_BUSINESS_DATA","Tenant/application flow","Removed by approved clean baseline"
"PolicyVersion","0","INTENTIONALLY_EMPTY_BUSINESS_DATA","Tenant/application flow","Removed by approved clean baseline"
"RefreshToken","0","INTENTIONALLY_EMPTY_BUSINESS_DATA","Tenant/application flow","Removed by approved clean baseline"
"ReportingType","0","UNSEEDED_MASTER_NO_SOURCE","Not yet assigned","Master-like table is empty and backup had no authoritative rows"
"RequestType","0","UNSEEDED_MASTER_NO_SOURCE","Not yet assigned","Master-like table is empty and backup had no authoritative rows"
"Role","0","INTENTIONALLY_EMPTY_BUSINESS_DATA","Tenant/application flow","Removed by approved clean baseline"
"RoleModuleAndPermission","0","INTENTIONALLY_EMPTY_BUSINESS_DATA","Tenant/application flow","Removed by approved clean baseline"
"SalaryComponentMaster","0","UNSEEDED_MASTER_NO_SOURCE","Not yet assigned","Master-like table is empty and backup had no authoritative rows"
"SalaryStructure","0","INTENTIONALLY_EMPTY_OPERATIONAL_DATA","Runtime/application flow","Transaction/dependent table starts empty"
"SalaryStructureDetail","0","INTENTIONALLY_EMPTY_OPERATIONAL_DATA","Runtime/application flow","Transaction/dependent table starts empty"
"State","143","SEEDED","03-geography/001-four-country-postal-catalog.sql","Canonical baseline present"
"StatutoryType","0","UNSEEDED_MASTER_NO_SOURCE","Not yet assigned","Master-like table is empty and backup had no authoritative rows"
"SubscriptionPlan","0","PENDING_PLATFORM_DECISION","Not yet assigned","Pre-reset platform/config rows existed; do not copy blindly"
"SubscriptionPlanPrice","0","INTENTIONALLY_EMPTY_OPERATIONAL_DATA","Runtime/application flow","Transaction/dependent table starts empty"
"TaxRegimeMaster","0","UNSEEDED_MASTER_NO_SOURCE","Not yet assigned","Master-like table is empty and backup had no authoritative rows"
"TaxRule","0","UNSEEDED_MASTER_NO_SOURCE","Not yet assigned","Master-like table is empty and backup had no authoritative rows"
"TaxSlab","0","UNSEEDED_MASTER_NO_SOURCE","Not yet assigned","Master-like table is empty and backup had no authoritative rows"
"TaxSystemMaster","0","UNSEEDED_MASTER_NO_SOURCE","Not yet assigned","Master-like table is empty and backup had no authoritative rows"
"Tenant","0","INTENTIONALLY_EMPTY_BUSINESS_DATA","Tenant/application flow","Removed by approved clean baseline"
"TenantBillingProfile","0","INTENTIONALLY_EMPTY_OPERATIONAL_DATA","Runtime/application flow","Transaction/dependent table starts empty"
"TenantBillingSubscription","0","INTENTIONALLY_EMPTY_OPERATIONAL_DATA","Runtime/application flow","Transaction/dependent table starts empty"
"TenantCardMaster","0","INTENTIONALLY_EMPTY_BUSINESS_DATA","Tenant/application flow","Removed by approved clean baseline"
"TenantDevice","0","INTENTIONALLY_EMPTY_BUSINESS_DATA","Tenant/application flow","Removed by approved clean baseline"
"TenantDeviceConfiguration","0","INTENTIONALLY_EMPTY_OPERATIONAL_DATA","Runtime/application flow","Transaction/dependent table starts empty"
"TenantEmailConfig","0","INTENTIONALLY_EMPTY_BUSINESS_DATA","Tenant/application flow","Removed by approved clean baseline"
"TenantEmailTemplate","0","INTENTIONALLY_EMPTY_BUSINESS_DATA","Tenant/application flow","Removed by approved clean baseline"
"TenantEmployeeSectionDefault","0","INTENTIONALLY_EMPTY_OPERATIONAL_DATA","Runtime/application flow","Transaction/dependent table starts empty"
"TenantEnabledModule","0","INTENTIONALLY_EMPTY_BUSINESS_DATA","Tenant/application flow","Removed by approved clean baseline"
"TenantEnabledOperation","0","INTENTIONALLY_EMPTY_BUSINESS_DATA","Tenant/application flow","Removed by approved clean baseline"
"TenantEncryptionKeys","0","INTENTIONALLY_EMPTY_BUSINESS_DATA","Tenant/application flow","Removed by approved clean baseline"
"TenantIndustry","5","SEEDED","02-parent-master/001-shared-master-data.sql","Canonical baseline present"
"TenantLocation","0","INTENTIONALLY_EMPTY_BUSINESS_DATA","Tenant/application flow","Removed by approved clean baseline"
"TenantProfile","0","INTENTIONALLY_EMPTY_BUSINESS_DATA","Tenant/application flow","Removed by approved clean baseline"
"TenantSubscription","0","INTENTIONALLY_EMPTY_BUSINESS_DATA","Tenant/application flow","Removed by approved clean baseline"
"Tender","0","INTENTIONALLY_EMPTY_OPERATIONAL_DATA","Runtime/application flow","Transaction/dependent table starts empty"
"TenderStatus","5","SEEDED","02-parent-master/001-shared-master-data.sql","Canonical baseline present"
"ThreadMessage","0","INTENTIONALLY_EMPTY_OPERATIONAL_DATA","Runtime/application flow","Transaction/dependent table starts empty"
"Ticket","0","INTENTIONALLY_EMPTY_OPERATIONAL_DATA","Runtime/application flow","Transaction/dependent table starts empty"
"TicketAttachment","0","INTENTIONALLY_EMPTY_OPERATIONAL_DATA","Runtime/application flow","Transaction/dependent table starts empty"
"TicketClassification","0","UNSEEDED_MASTER_NO_SOURCE","Not yet assigned","Master-like table is empty and backup had no authoritative rows"
"TicketHeader","0","INTENTIONALLY_EMPTY_OPERATIONAL_DATA","Runtime/application flow","Transaction/dependent table starts empty"
"TicketHistory","0","INTENTIONALLY_EMPTY_OPERATIONAL_DATA","Runtime/application flow","Transaction/dependent table starts empty"
"TicketThread","0","INTENTIONALLY_EMPTY_OPERATIONAL_DATA","Runtime/application flow","Transaction/dependent table starts empty"
"TicketType","0","UNSEEDED_MASTER_NO_SOURCE","Not yet assigned","Master-like table is empty and backup had no authoritative rows"
"UserAttendanceSetting","0","INTENTIONALLY_EMPTY_OPERATIONAL_DATA","Runtime/application flow","Transaction/dependent table starts empty"
"UserRole","0","INTENTIONALLY_EMPTY_BUSINESS_DATA","Tenant/application flow","Removed by approved clean baseline"
"WorkDocumentType","0","UNSEEDED_MASTER_NO_SOURCE","Not yet assigned","Master-like table is empty and backup had no authoritative rows"
